ID_Registro;Data_Movimentacao;Tipo_Movimentacao;Codigo_Produto;Nome_Produto;Categoria;Marca;Fornecedor;Cidade_Fornecedor;Nome_Funcionario;Cargo_Funcionario;Corredor;Prateleira;Quantidade;Valor_Unitario;Estoque_Minimo;Cliente;Cidade_Cliente;Estado_Cliente;Observacao
1;14/01/2025;Saída;P1022;Filtro de Óleo;Elétrica;Bosch;Auto Center Supply;Londrina;João Santos;Estoquista;C6;P18;10;578.0;20;Concessionária Alpha;Londrina;PR;
2;01/01/2025;Entrada;P1003;Past. Freio;Freios;Bosch;Speed Parts;Araucária;João Santos;Estoquista;C3;P26;2;483.46;0;Oficina Curitiba;Ponta Grossa;PR;
3;27/05/2025;Entrada;P1039;Past. Freio;Elétrica;Monroe;Auto Parts Brasil;Cascavel;Lucas Pereira;Comprador;C6;P1;88;789.68;30;Garage Prime;Araucária;PR;
4;18/05/2025;Entrada;P1047;Filtro de Óleo;Transmissão;Bosch;Prime Autopeças;Ponta Grossa;Marcos Rocha;Comprador;C5;P6;96;772.45;20;Auto Peças Lima;Cascavel;PR;
5;11/04/2025;Saída;P1001;Past. Freio;Elétrica;Fras-le;Speed Parts;Londrina;Juliana Ribeiro;Supervisor;C9;P17;5;295.76;0;Oficina Curitiba;Ponta Grossa;PR;
6;11/06/2025;Saída;P1049;Past. Freio;Arrefecimento;NGK;Prime Autopeças;Curitiba;Ana Costa;Estoquista;C3;P15;40;1488.06;10;Oficina Paraná;Maringá;PR;
7;01/04/2025;Saída;P1046;Filtro de Óleo;Elétrica;Bosch;Speed Parts;Curitiba;Carlos Silva;Supervisor;C1;P26;28;932.11;50;Garage Prime;Curitiba;PR;
8;20/05/2025;Saída;P1027;Past. Freio;Elétrica;Fras-le;Auto Parts Brasil;Curitiba;Juliana Ribeiro;Comprador;C3;P29;68;1434.31;30;Auto Center Sul;Araucária;PR;
9;23/06/2025;Saída;P1035;Filtro de Óleo;Transmissão;Fras-le;Distribuidora Master;Londrina;João Santos;Comprador;C5;P25;161;99.88;30;Auto Peças Lima;Londrina;PR;
10;17/05/2025;Saída;P1043;Past. Freio;Freios;Bosch;Peças Paraná;Maringá;Marcos Rocha;Supervisor;C8;P10;111;107.15;30;Oficina Paraná;Londrina;PR;
11;14/05/2025;Saída;P1015;Filtro de Óleo;Arrefecimento;Valeo;Peças Paraná;Maringá;Juliana Ribeiro;Estoquista;C5;P30;129;170.59;50;Concessionária Alpha;Londrina;PR;
12;24/03/2025;Entrada;P1018;Past. Freio;Freios;Valeo;Mecânica Sul;Londrina;Fernanda Alves;Estoquista;C10;P11;130;311.26;0;Auto Peças Lima;Cascavel;PR;
13;18/05/2025;Saída;P1046;Past. Freio;Arrefecimento;Valeo;Peças Paraná;Ponta Grossa;Rafael Lima;Supervisor;C7;P30;127;1099.88;10;Mecânica Rápida;Cascavel;PR;
14;12/06/2025;Entrada;P1024;Filtro de Óleo;Arrefecimento;NGK;Prime Autopeças;Maringá;Juliana Ribeiro;Comprador;C7;P11;179;883.17;20;Concessionária Alpha;Ponta Grossa;PR;
15;29/03/2025;Entrada;P1036;Past. Freio;Suspensão;NGK;Speed Parts;Maringá;Carlos Silva;Estoquista;C5;P4;107;572.37;20;Auto Peças Lima;Curitiba;PR;
16;08/04/2025;Saída;P1016;Filtro de Óleo;Elétrica;Monroe;Auto Center Supply;Ponta Grossa;João Santos;Supervisor;C8;P19;120;866.69;50;Auto Peças Lima;Londrina;PR;
17;26/06/2025;Saída;P1043;Past. Freio;Arrefecimento;NGK;Auto Center Supply;Araucária;Juliana Ribeiro;Estoquista;C8;P18;13;285.58;0;Mecânica Express;Cascavel;PR;
18;06/02/2025;Saída;P1046;Filtro de Óleo;Motor;Valeo;Distribuidora Master;Curitiba;Carlos Silva;Supervisor;C7;P8;119;763.61;0;Oficina Curitiba;Maringá;PR;
19;13/02/2025;Entrada;P1018;Past. Freio;Elétrica;Valeo;Auto Parts Brasil;Londrina;Carlos Silva;Comprador;C9;P27;128;1015.55;10;Oficina Curitiba;Ponta Grossa;PR;
20;30/04/2025;Saída;P1013;Filtro de Óleo;Arrefecimento;Valeo;Mecânica Sul;Curitiba;João Santos;Comprador;C7;P14;114;925.1;30;Auto Center Sul;Curitiba;PR;
21;26/05/2025;Entrada;P1016;Past. Freio;Transmissão;Bosch;Speed Parts;Londrina;Juliana Ribeiro;Estoquista;C2;P13;40;747.43;0;Oficina Paraná;Ponta Grossa;PR;
22;17/06/2025;Saída;P1012;Past. Freio;Freios;Fras-le;Auto Parts Brasil;Curitiba;Fernanda Alves;Supervisor;C6;P7;188;1331.84;50;Oficina Paraná;Araucária;PR;
23;03/04/2025;Saída;P1036;Past. Freio;Suspensão;Cofap;Speed Parts;Ponta Grossa;Fernanda Alves;Estoquista;C8;P28;131;998.7;0;Oficina Curitiba;Londrina;PR;
24;02/05/2025;Entrada;P1029;Past. Freio;Freios;Valeo;Peças Paraná;Maringá;João Santos;Supervisor;C6;P7;118;1390.81;30;Oficina Paraná;Curitiba;PR;
25;11/05/2025;Entrada;P1027;Past. Freio;Transmissão;Cofap;TecAuto;Ponta Grossa;João Santos;Estoquista;C1;P6;200;1008.09;0;Auto Peças Lima;Curitiba;PR;
26;26/01/2025;Entrada;P1008;Past. Freio;Elétrica;NGK;Speed Parts;Araucária;Fernanda Alves;Estoquista;C3;P22;170;615.93;0;Auto Peças Lima;Ponta Grossa;PR;
27;22/02/2025;Saída;P1043;Past. Freio;Elétrica;NGK;TecAuto;Maringá;Ana Costa;Estoquista;C1;P2;23;1017.79;50;Auto Center Sul;Curitiba;PR;
28;05/03/2025;Saída;P1024;Filtro de Óleo;Suspensão;Monroe;Auto Parts Brasil;Londrina;Lucas Pereira;Supervisor;C1;P20;108;1465.12;20;Auto Peças Lima;Maringá;PR;
29;26/06/2025;Saída;P1029;Past. Freio;Motor;Bosch;Auto Parts Brasil;Araucária;Lucas Pereira;Comprador;C9;P7;21;577.11;30;Auto Center Sul;Londrina;PR;
30;22/02/2025;Entrada;P1025;Filtro de Óleo;Elétrica;Bosch;Prime Autopeças;Maringá;Lucas Pereira;Comprador;C1;P25;168;1337.12;10;Concessionária Alpha;Maringá;PR;
31;17/02/2025;Saída;P1004;Filtro de Óleo;Transmissão;Fras-le;Auto Parts Brasil;Maringá;Lucas Pereira;Estoquista;C5;P14;32;1340.75;0;Oficina Curitiba;Cascavel;PR;
32;22/05/2025;Saída;P1016;Radiador;Arrefecimento;Bosch;Auto Parts Brasil;Curitiba;Juliana Ribeiro;Estoquista;C10;P4;74;1201.88;30;Garage Prime;Maringá;PR;
33;22/06/2025;Saída;P1009;Kit Embreagem;Suspensão;Bosch;Auto Parts Brasil;Londrina;Carlos Silva;Comprador;C5;P14;107;326.34;10;Garage Prime;Maringá;PR;
34;17/01/2025;Saída;P1020;Disco de Freio;Arrefecimento;Valeo;Auto Parts Brasil;Cascavel;Lucas Pereira;Comprador;C6;P1;146;94.54;10;Oficina Curitiba;Maringá;PR;
35;21/02/2025;Entrada;P1043;Filtro de Ar;Elétrica;Bosch;Auto Parts Brasil;Cascavel;Marcos Rocha;Estoquista;C2;P15;17;1301.16;50;Concessionária Alpha;Ponta Grossa;PR;
36;26/05/2025;Saída;P1045;Kit Embreagem;Elétrica;Bosch;Auto Parts Brasil;Londrina;João Santos;Comprador;C1;P5;56;148.19;50;Auto Center Sul;Araucária;PR;
37;13/01/2025;Saída;P1043;Sensor ABS;Transmissão;Monroe;Auto Parts Brasil;Curitiba;Marcos Rocha;Estoquista;C1;P7;86;997.93;10;Mecânica Rápida;Araucária;PR;
38;19/06/2025;Entrada;P1001;Amortecedor Dianteiro;Motor;Valeo;Auto Parts Brasil;Cascavel;Lucas Pereira;Comprador;C3;P17;73;625.3;50;Auto Center Sul;Ponta Grossa;PR;
39;17/06/2025;Saída;P1042;Radiador;Arrefecimento;Monroe;Auto Parts Brasil;Maringá;Carlos Silva;Comprador;C10;P19;96;454.94;20;Concessionária Alpha;Londrina;PR;
40;11/01/2025;Entrada;P1043;Past. Freio;Arrefecimento;Valeo;Auto Parts Brasil;Curitiba;Rafael Lima;Estoquista;C10;P13;96;1135.22;10;Auto Center Sul;Ponta Grossa;PR;
41;15/05/2025;Saída;P1022;Rolamento de Roda;Transmissão;Monroe;Auto Parts Brasil;Ponta Grossa;Juliana Ribeiro;Estoquista;C4;P4;81;1407.6;0;Mecânica Rápida;Maringá;PR;
42;11/01/2025;Entrada;P1050;Filtro de Óleo;Transmissão;NGK;Auto Parts Brasil;Cascavel;Marcos Rocha;Comprador;C1;P16;191;1216.74;10;Oficina Curitiba;Maringá;PR;
43;23/06/2025;Saída;P1021;Radiador;Elétrica;Bosch;Auto Parts Brasil;Araucária;João Santos;Supervisor;C7;P23;110;1123.6;0;Auto Peças Lima;Ponta Grossa;PR;
44;29/04/2025;Saída;P1043;Disco de Freio;Freios;Cofap;Auto Parts Brasil;Curitiba;Juliana Ribeiro;Estoquista;C3;P21;83;1170.79;30;Concessionária Alpha;Araucária;PR;
45;01/05/2025;Saída;P1044;Radiador;Freios;Bosch;Auto Parts Brasil;Maringá;Ana Costa;Estoquista;C1;P4;69;1432.41;50;Mecânica Rápida;Cascavel;PR;
46;03/01/2025;Entrada;P1023;Bateria 70Ah;Freios;Cofap;Speed Parts;Maringá;Marcos Rocha;Comprador;C7;P24;181;756.84;30;Auto Center Sul;Ponta Grossa;PR;
47;19/01/2025;Saída;P1012;Correia Dentada;Freios;Cofap;Mecânica Sul;Curitiba;Fernanda Alves;Estoquista;C7;P27;66;148.11;30;Garage Prime;Ponta Grossa;PR;
48;11/01/2025;Saída;P1023;Past. Freio;Sistema de Freios;Bosch;Auto Center Supply;Maringá;Marcos Rocha;Comprador;C3;P4;97;1252.31;0;Mecânica Express;Ponta Grossa;PR;
49;09/05/2025;Saída;P1024;Past. Freio;Sistema de Freios;Cofap;Auto Center Supply;Cascavel;Juliana Ribeiro;Estoquista;C10;P16;180;441.29;10;Concessionária Alpha;Maringá;PR;
50;03/03/2025;Saída;P1022;Bateria 70Ah;Sistema de Freios;NGK;Distribuidora Master;Araucária;Lucas Pereira;Supervisor;C8;P26;199;256.55;20;Garage Prime;Araucária;PR;
51;17/03/2025;Entrada;P1015;Radiador;Sistema de Freios;Bosch;Prime Autopeças;Londrina;João Santos;Comprador;C7;P26;157;1268.82;50;Mecânica Express;Araucária;PR;
52;06/06/2025;Entrada;P1038;Velas de Ignição;Sistema de Freios;NGK;Auto Center Supply;Cascavel;Ana Costa;Estoquista;C6;P15;134;367.6;10;Mecânica Rápida;Maringá;PR;
53;29/06/2025;Entrada;P1040;Filtro de Óleo;Sistema de Freios;Cofap;Auto Center Supply;Maringá;Marcos Rocha;Estoquista;C10;P20;40;253.06;0;Oficina Curitiba;Londrina;PR;
54;06/06/2025;Saída;P1003;Past. Freio;Freios;Bosch;Peças Paraná;Londrina;Juliana Ribeiro;Estoquista;C6;P7;160;1003.73;0;Mecânica Rápida;Ponta Grossa;PR;
55;22/04/2025;Entrada;P1044;Disco de Freio;Freios;Fras-le;Auto Parts Brasil;Londrina;Fernanda Alves;Supervisor;C3;P19;168;166.51;20;Garage Prime;Curitiba;PR;
56;07/06/2025;Saída;P1048;Amortecedor Dianteiro;Freios;Monroe;Speed Parts;Ponta Grossa;Ana Costa;Comprador;C3;P22;146;228.41;50;Concessionária Alpha;Londrina;PR;
57;16/05/2025;Saída;P1047;Filtro de Ar;Freios;Monroe;Mecânica Sul;Araucária;João Santos;Supervisor;C4;P18;78;947.8;10;Garage Prime;Araucária;PR;
58;20/01/2025;Entrada;P1001;Amortecedor Dianteiro;Freios;Monroe;Auto Center Supply;Araucária;Lucas Pereira;Estoquista;C7;P17;61;1448.57;20;Mecânica Express;Curitiba;PR;
59;17/02/2025;Entrada;P1010;Amortecedor Traseiro;Sistema de Freios;Fras-le;Mecânica Sul;Maringá;Marcos Rocha;Estoquista;C8;P26;140;475.54;30;Oficina Curitiba;Curitiba;PR;
60;28/06/2025;Saída;P1037;Bateria 70Ah;Sistema de Freios;Valeo;TecAuto;Curitiba;João Santos;Estoquista;C1;P21;60;1462.17;20;Auto Peças Lima;Ponta Grossa;PR;
61;25/04/2025;Saída;P1049;Filtro de Óleo;Suspensão;Cofap;Distribuidora Master;Araucária;Carlos Silva;Comprador;C4;P24;167;1017.68;30;Auto Peças Lima;Ponta Grossa;PR;
62;11/02/2025;Saída;P1015;Velas de Ignição;Motor;Monroe;Speed Parts;Cascavel;Carlos Silva;Estoquista;C3;P20;176;983.68;20;Mecânica Express;Araucária;PR;
63;06/06/2025;Entrada;P1002;Bomba de Combustível;Freios;Fras-le;Prime Autopeças;Londrina;Carlos Silva;Supervisor;C3;P16;117;1473.91;10;Mecânica Rápida;Londrina;PR;
64;16/05/2025;Saída;P1017;Filtro de Óleo;Transmissão;Monroe;Auto Center Supply;Araucária;Carlos Silva;Supervisor;C3;P3;141;719.5;10;Mecânica Express;Araucária;PR;
65;19/03/2025;Saída;P1040;Rolamento de Roda;Motor;Bosch;Peças Paraná;Curitiba;Carlos Silva;Estoquista;C3;P15;72;1411.9;30;Concessionária Alpha;Curitiba;PR;
66;13/05/2025;Entrada;P1033;Past. Freio;Arrefecimento;Valeo;TecAuto;Cascavel;Carlos Silva;Supervisor;C9;P21;50;344.84;30;Oficina Curitiba;Araucária;PR;
67;19/02/2025;Saída;P1018;Sensor ABS;Elétrica;NGK;Distribuidora Master;Maringá;Carlos Silva;Estoquista;C9;P27;50;66.84;30;Auto Peças Lima;Londrina;PR;
68;05/03/2025;Entrada;P1024;Disco de Freio;Motor;Valeo;Distribuidora Master;Cascavel;Carlos Silva;Estoquista;C10;P13;28;931.16;20;Auto Center Sul;Londrina;PR;
69;12/06/2025;Entrada;P1038;Kit Embreagem;Motor;Fras-le;Speed Parts;Maringá;Carlos Silva;Supervisor;C10;P23;114;888.62;20;Mecânica Express;Maringá;PR;
70;11/05/2025;Entrada;P1041;Amortecedor Traseiro;Suspensão;NGK;Prime Autopeças;Araucária;Carlos Silva;Estoquista;C6;P13;135;111.42;30;Concessionária Alpha;Londrina;PR;
71;26/03/2025;Saída;P1009;Filtro de Ar;Transmissão;Valeo;Distribuidora Master;Cascavel;Carlos Silva;Supervisor;C7;P24;158;203.55;10;Oficina Paraná;Curitiba;PR;
72;12/06/2025;Saída;P1022;Bomba de Combustível;Arrefecimento;Cofap;Distribuidora Master;Araucária;Carlos Silva;Supervisor;C7;P18;64;94.78;0;Oficina Curitiba;Araucária;PR;
73;08/04/2025;Entrada;P1049;Filtro de Óleo;Arrefecimento;NGK;Speed Parts;Araucária;Carlos Silva;Supervisor;C8;P26;84;349.8;0;Oficina Paraná;Ponta Grossa;PR;
74;05/01/2025;Entrada;P1022;Rolamento de Roda;Transmissão;Monroe;Auto Parts Brasil;Londrina;Carlos Silva;Supervisor;C4;P7;17;258.12;10;Mecânica Express;Curitiba;PR;
75;10/01/2025;Saída;P1048;Correia Dentada;Suspensão;NGK;Prime Autopeças;Cascavel;Carlos Silva;Comprador;C10;P8;142;219.78;0;Garage Prime;Curitiba;PR;
76;29/04/2025;Entrada;P1036;Radiador;Transmissão;Cofap;TecAuto;Londrina;João Santos;Estoquista;C4;P6;0;1374.18;0;Oficina Curitiba;Cascavel;PR;
77;20/03/2025;Entrada;P1016;Filtro de Ar;Suspensão;Valeo;Auto Parts Brasil;Maringá;Lucas Pereira;Estoquista;C2;P23;0;1377.38;20;Auto Center Sul;Araucária;PR;
78;27/06/2025;Saída;P1040;Radiador;Arrefecimento;Cofap;Speed Parts;Cascavel;Fernanda Alves;Supervisor;C8;P2;0;1278.77;0;Oficina Paraná;Curitiba;PR;
79;26/01/2025;Entrada;P1009;Bateria 60Ah;Suspensão;Monroe;Auto Parts Brasil;Cascavel;Fernanda Alves;Estoquista;C10;P28;0;1095.61;50;Oficina Curitiba;Maringá;PR;
80;17/01/2025;Saída;P1022;Past. Freio;Freios;Bosch;Auto Center Supply;Londrina;João Santos;Supervisor;C3;P26;0;625.32;50;Oficina Curitiba;Cascavel;PR;
81;24/05/2025;Saída;P1021;Rolamento de Roda;Elétrica;Bosch;Auto Center Supply;Curitiba;Ana Costa;Supervisor;C4;P15;0;1170.1;30;Concessionária Alpha;Araucária;PR;
82;10/04/2025;Saída;P1044;Amortecedor Traseiro;Arrefecimento;Cofap;Auto Center Supply;Londrina;Carlos Silva;Supervisor;C7;P5;0;798.63;30;Auto Center Sul;Maringá;PR;
83;05/02/2025;Saída;P1019;Disco de Freio;Freios;Bosch;Auto Center Supply;Londrina;Juliana Ribeiro;Comprador;C1;P29;0;484.07;50;Garage Prime;Maringá;PR;
84;19/04/2025;Entrada;P1030;Past. Freio;Motor;Bosch;Distribuidora Master;Londrina;Lucas Pereira;Estoquista;C3;P17;0;1010.13;20;Mecânica Rápida;Maringá;PR;
85;17/02/2025;Saída;P1049;Disco de Freio;Elétrica;Cofap;TecAuto;Curitiba;Fernanda Alves;Supervisor;C9;P20;0;1427.28;0;Concessionária Alpha;Ponta Grossa;PR;
86;22/04/2025;Entrada;P1047;Kit Embreagem;Motor;Cofap;Auto Center Supply;Ponta Grossa;Lucas Pereira;Estoquista;C1;P28;0;1432.37;0;Auto Peças Lima;Maringá;PR;
87;06/02/2025;Entrada;P1002;Rolamento de Roda;Transmissão;Valeo;Mecânica Sul;Londrina;Fernanda Alves;Estoquista;C3;P6;0;697.69;50;Oficina Paraná;Curitiba;PR;
88;24/01/2025;Saída;P1007;Bateria 70Ah;Elétrica;Bosch;TecAuto;Araucária;Ana Costa;Comprador;C5;P7;0;641.18;30;Auto Peças Lima;Araucária;PR;
89;10/05/2025;Entrada;P1032;Past. Freio;Arrefecimento;Bosch;Peças Paraná;Ponta Grossa;Ana Costa;Estoquista;C6;P20;0;1356.63;30;Mecânica Express;Araucária;PR;
90;14/03/2025;Entrada;P1014;Sensor ABS;Freios;Fras-le;Distribuidora Master;Araucária;Rafael Lima;Comprador;C1;P7;0;498.09;20;Mecânica Express;Araucária;PR;
91;15/04/2025;Saída;P1008;Sensor ABS;Transmissão;Valeo;Prime Autopeças;Cascavel;Rafael Lima;Comprador;C7;P12;57;-321.79;0;Concessionária Alpha;Londrina;PR;
92;12/01/2025;Entrada;P1038;Correia Dentada;Transmissão;Bosch;Distribuidora Master;Curitiba;Ana Costa;Supervisor;C9;P9;67;-627.4;30;Auto Center Sul;Curitiba;PR;
93;25/03/2025;Saída;P1025;Bateria 60Ah;Elétrica;Cofap;TecAuto;Araucária;Lucas Pereira;Estoquista;C2;P30;120;-1481.95;30;Auto Center Sul;Maringá;PR;
94;22/02/2025;Entrada;P1015;Past. Freio;Transmissão;Fras-le;Auto Parts Brasil;Araucária;Marcos Rocha;Supervisor;C10;P25;45;-916.26;20;Mecânica Rápida;Maringá;PR;
95;18/05/2025;Entrada;P1042;Correia Dentada;Elétrica;Bosch;Auto Parts Brasil;Cascavel;Lucas Pereira;Estoquista;C6;P24;74;-436.97;0;Oficina Curitiba;Curitiba;PR;
96;19/05/2025;Saída;P1035;Past. Freio;Arrefecimento;NGK;Prime Autopeças;Maringá;Carlos Silva;Comprador;C3;P18;33;-436.68;10;Concessionária Alpha;Cascavel;PR;
97;28/04/2025;Entrada;P1022;Filtro de Ar;Freios;Fras-le;Peças Paraná;Cascavel;Lucas Pereira;Comprador;C1;P7;107;-932.46;30;Mecânica Rápida;Araucária;PR;
98;04/04/2025;Entrada;P1008;Amortecedor Traseiro;Motor;Monroe;TecAuto;Araucária;Juliana Ribeiro;Comprador;C10;P6;154;-1456.96;20;Oficina Curitiba;Londrina;PR;
99;12/05/2025;Entrada;P1021;Amortecedor Traseiro;Transmissão;Monroe;Distribuidora Master;Ponta Grossa;Rafael Lima;Comprador;C6;P28;74;-1065.95;30;Auto Peças Lima;Ponta Grossa;PR;
100;06/05/2025;Saída;P1032;Velas de Ignição;Arrefecimento;Bosch;Mecânica Sul;Maringá;Marcos Rocha;Supervisor;C2;P4;142;-223.11;10;Mecânica Express;Maringá;PR;
101;06/02/2025;Entrada;P1043;Radiador;Motor;Monroe;Mecânica Sul;Ponta Grossa;Fernanda Alves;Estoquista;C8;P23;92;-129.74;10;Concessionária Alpha;Curitiba;PR;
102;24/02/2025;Entrada;P1016;Filtro de Óleo;Suspensão;Fras-le;Auto Parts Brasil;Curitiba;Carlos Silva;Comprador;C4;P16;141;-1483.4;30;Auto Peças Lima;Londrina;PR;
103;24/03/2025;Entrada;P1050;Filtro de Óleo;Elétrica;Monroe;Distribuidora Master;Cascavel;João Santos;Estoquista;C1;P18;70;-922.47;50;Auto Center Sul;Maringá;PR;
104;09/02/2025;Entrada;P1005;Rolamento de Roda;Transmissão;Monroe;Prime Autopeças;Londrina;Marcos Rocha;Estoquista;C7;P25;117;-95.68;10;Concessionária Alpha;Cascavel;PR;
105;22/01/2025;Saída;P1031;Velas de Ignição;Freios;Fras-le;Speed Parts;Curitiba;Rafael Lima;Estoquista;C7;P16;200;-815.81;10;Auto Center Sul;Cascavel;PR;
106;19/04/2025;Entrada;P1041;Correia Dentada;Suspensão;Bosch;;Ponta Grossa;Juliana Ribeiro;Comprador;C2;P15;91;213.01;50;Oficina Curitiba;Cascavel;PR;
107;06/04/2025;Saída;P1048;Bomba de Combustível;Elétrica;Monroe;;Ponta Grossa;Juliana Ribeiro;Comprador;C8;P17;8;288.6;20;Oficina Curitiba;Maringá;PR;
108;11/05/2025;Saída;P1021;Rolamento de Roda;Suspensão;Cofap;;Londrina;Juliana Ribeiro;Estoquista;C4;P23;169;575.16;50;Auto Peças Lima;Cascavel;PR;
109;29/06/2025;Entrada;P1001;Bomba de Combustível;Freios;NGK;;Curitiba;Ana Costa;Supervisor;C2;P13;115;1390.65;50;Mecânica Rápida;Maringá;PR;
110;17/02/2025;Saída;P1034;Radiador;Suspensão;Cofap;;Cascavel;Ana Costa;Comprador;C7;P28;146;120.33;30;Oficina Curitiba;Londrina;PR;
111;18/05/2025;Entrada;P1007;Amortecedor Dianteiro;Motor;Bosch;;Londrina;Marcos Rocha;Comprador;C8;P26;70;873.61;0;Concessionária Alpha;Londrina;PR;
112;08/04/2025;Entrada;P1001;Rolamento de Roda;Transmissão;Monroe;;Cascavel;Juliana Ribeiro;Estoquista;C3;P11;110;189.74;50;Oficina Curitiba;Araucária;PR;
113;06/04/2025;Entrada;P1028;Velas de Ignição;Motor;Fras-le;;Curitiba;Rafael Lima;Estoquista;C5;P14;69;784.43;10;Auto Peças Lima;Maringá;PR;
114;07/04/2025;Saída;P1029;Sensor ABS;Suspensão;Valeo;;Maringá;Juliana Ribeiro;Comprador;C9;P27;80;297.15;50;Auto Peças Lima;Maringá;PR;
115;04/04/2025;Saída;P1003;Correia Dentada;Suspensão;Cofap;;Araucária;Juliana Ribeiro;Estoquista;C2;P27;174;41.32;10;Concessionária Alpha;Londrina;PR;
116;27/04/2025;Entrada;P1011;Disco de Freio;Transmissão;Monroe;;Curitiba;Carlos Silva;Supervisor;C10;P8;4;909.21;50;Concessionária Alpha;Ponta Grossa;PR;
117;17/02/2025;Entrada;P1043;Rolamento de Roda;Freios;Valeo;;Ponta Grossa;Juliana Ribeiro;Supervisor;C6;P11;62;1062.02;50;Oficina Paraná;Curitiba;PR;
118;29/06/2025;Saída;P1045;Radiador;Arrefecimento;Valeo;;Cascavel;Rafael Lima;Supervisor;C7;P24;69;66.8;0;Auto Peças Lima;Maringá;PR;
119;03/03/2025;Entrada;P1012;Amortecedor Dianteiro;Arrefecimento;NGK;;Curitiba;Ana Costa;Supervisor;C8;P21;8;623.28;50;Mecânica Rápida;Ponta Grossa;PR;
120;11/06/2025;Saída;P1024;Velas de Ignição;Transmissão;Monroe;;Cascavel;Rafael Lima;Supervisor;C9;P29;137;1445.26;20;Auto Peças Lima;Cascavel;PR;
121;12/03/2025;Saída;P1007;Bateria 60Ah;Suspensão;Valeo;;Ponta Grossa;Carlos Silva;Comprador;C5;P28;189;1475.29;0;Oficina Curitiba;Maringá;PR;
122;27/05/2025;Saída;P1005;Amortecedor Dianteiro;Arrefecimento;Valeo;;Maringá;Lucas Pereira;Estoquista;C7;P24;92;21.73;0;Oficina Paraná;Araucária;PR;
123;06/06/2025;Entrada;P1017;Radiador;Freios;NGK;;Curitiba;Ana Costa;Comprador;C6;P25;168;214.65;0;Oficina Paraná;Ponta Grossa;PR;
124;09/06/2025;Saída;P1016;Bateria 70Ah;Transmissão;Fras-le;;Curitiba;Rafael Lima;Comprador;C5;P20;154;334.59;30;Garage Prime;Araucária;PR;
125;28/02/2025;Saída;P1039;Radiador;Suspensão;Monroe;;Maringá;Juliana Ribeiro;Estoquista;C6;P3;129;1452.09;10;Mecânica Express;Araucária;PR;
126;26/01/2025;Entrada;P1031;Filtro de Óleo;Freios;NGK;Speed Parts;Curitiba;João Santos;Estoquista;C4;P28;126;159.88;50;Oficina Curitiba;Maringá;PR;
127;14/04/2025;Saída;P1015;Correia Dentada;Suspensão;NGK;Speed Parts;Araucária;Rafael Lima;Supervisor;C7;P16;125;1326.68;0;Garage Prime;Ponta Grossa;PR;
128;16/03/2025;Entrada;P1030;Filtro de Óleo;Transmissão;Valeo;Prime Autopeças;Cascavel;Rafael Lima;Comprador;C5;P16;133;751.42;50;Auto Center Sul;Maringá;PR;
129;07/04/2025;Entrada;P1020;Velas de Ignição;Motor;Cofap;Auto Parts Brasil;Londrina;Carlos Silva;Comprador;C2;P5;7;1017.72;50;Oficina Paraná;Araucária;PR;
130;22/02/2025;Entrada;P1024;Bateria 70Ah;Transmissão;NGK;Mecânica Sul;Londrina;Rafael Lima;Estoquista;C2;P8;83;1307.74;0;Auto Peças Lima;Araucária;PR;
131;13/02/2025;Saída;P1006;Past. Freio;Motor;Bosch;Mecânica Sul;Londrina;Fernanda Alves;Comprador;C10;P11;81;121.39;30;Mecânica Express;Cascavel;PR;
132;22/04/2025;Saída;P1005;Sensor ABS;Freios;Cofap;Auto Center Supply;Araucária;João Santos;Estoquista;C7;P13;61;922.65;30;Mecânica Rápida;Ponta Grossa;PR;
133;15/03/2025;Saída;P1049;Bateria 60Ah;Arrefecimento;Fras-le;TecAuto;Ponta Grossa;Fernanda Alves;Supervisor;C6;P2;198;747.4;30;Auto Peças Lima;Araucária;PR;
134;01/06/2025;Entrada;P1009;Amortecedor Dianteiro;Elétrica;Valeo;Peças Paraná;Londrina;Fernanda Alves;Estoquista;C8;P11;30;1290.8;50;Concessionária Alpha;Ponta Grossa;PR;
135;29/03/2025;Entrada;P1018;Bateria 70Ah;Motor;Valeo;Distribuidora Master;Curitiba;Rafael Lima;Comprador;C10;P28;87;717.62;10;Concessionária Alpha;Curitiba;PR;
136;29/05/2025;Saída;P1001;Rolamento de Roda;Suspensão;Valeo;Distribuidora Master;Cascavel;Marcos Rocha;Comprador;C8;P24;20;1096.14;20;Mecânica Rápida;Araucária;PR;
137;07/03/2025;Entrada;P1027;Past. Freio;Transmissão;Fras-le;TecAuto;Araucária;Juliana Ribeiro;Supervisor;C6;P7;63;495.3;30;Oficina Paraná;Cascavel;PR;
138;13/03/2025;Saída;P1045;Bomba de Combustível;Suspensão;Valeo;Peças Paraná;Cascavel;Lucas Pereira;Comprador;C6;P6;31;178.79;10;Concessionária Alpha;Araucária;PR;
139;02/05/2025;Saída;P1030;Sensor ABS;Transmissão;Fras-le;Auto Parts Brasil;Curitiba;Carlos Silva;Estoquista;C8;P3;175;955.48;20;Mecânica Rápida;Cascavel;PR;
140;27/06/2025;Entrada;P1016;Correia Dentada;Motor;Fras-le;Speed Parts;Araucária;Fernanda Alves;Estoquista;C1;P11;107;1494.94;50;Auto Center Sul;Curitiba;PR;
141;02/05/2025;Saída;P1048;Velas de Ignição;Freios;Cofap;Mecânica Sul;Ponta Grossa;João Santos;Supervisor;C10;P6;165;275.61;50;Auto Peças Lima;Curitiba;PR;
142;24/03/2025;Saída;P1015;Correia Dentada;Motor;Fras-le;Auto Parts Brasil;Londrina;Ana Costa;Estoquista;C7;P12;96;1247.41;10;Mecânica Rápida;Londrina;PR;
143;03/06/2025;Saída;P1008;Velas de Ignição;Elétrica;Monroe;Auto Parts Brasil;Ponta Grossa;Juliana Ribeiro;Estoquista;C4;P22;184;1190.47;30;Concessionária Alpha;Curitiba;PR;
144;13/03/2025;Entrada;P1039;Amortecedor Dianteiro;Suspensão;Fras-le;Auto Center Supply;Londrina;Juliana Ribeiro;Estoquista;C8;P4;164;423.19;10;Mecânica Express;Curitiba;PR;
145;08/01/2025;Entrada;P1041;Sensor ABS;Motor;Cofap;TecAuto;Londrina;Marcos Rocha;Supervisor;C3;P1;50;291.48;50;Mecânica Rápida;Londrina;PR;
146;27/02/2025;Entrada;P1046;Velas de Ignição;Motor;Valeo;Distribuidora Master;Araucária;Fernanda Alves;Supervisor;C1;P2;159;1339.97;10;Mecânica Express;Araucária;PR;
147;29/01/2025;Saída;P1027;Amortecedor Dianteiro;Freios;NGK;Peças Paraná;Londrina;Lucas Pereira;Comprador;C2;P1;44;1235.32;30;Auto Peças Lima;Cascavel;PR;
148;09/04/2025;Entrada;P1016;Sensor ABS;Freios;Valeo;Auto Center Supply;Londrina;Carlos Silva;Estoquista;C9;P5;105;1133.5;30;Oficina Curitiba;Maringá;PR;
149;20/01/2025;Saída;P1011;Velas de Ignição;Motor;Cofap;Prime Autopeças;Cascavel;João Santos;Estoquista;C10;P22;55;1343.62;20;Mecânica Express;Araucária;PR;
150;22/02/2025;Saída;P1031;Correia Dentada;Freios;Bosch;Mecânica Sul;Ponta Grossa;Rafael Lima;Estoquista;C8;P2;34;1084.99;10;Auto Center Sul;Ponta Grossa;PR;
151;15/01/2025;Saída;P1009;Bomba de Combustível;Motor;Valeo;Mecânica Sul;Araucária;Fernanda Alves;Comprador;C10;P21;130;268.38;30;Concessionária Alpha;Londrina;PR;
152;27/02/2025;Entrada;P1002;Radiador;Suspensão;Cofap;Speed Parts;Curitiba;Lucas Pereira;Estoquista;C4;P5;151;864.23;0;Auto Center Sul;Curitiba;PR;
153;25/04/2025;Entrada;P1035;Filtro de Óleo;Arrefecimento;NGK;Mecânica Sul;Araucária;Marcos Rocha;Comprador;C1;P2;56;929.73;0;Auto Center Sul;Maringá;PR;
154;02/04/2025;Saída;P1013;Bateria 70Ah;Suspensão;Valeo;Peças Paraná;Londrina;Ana Costa;Supervisor;C7;P30;99;94.36;20;Auto Peças Lima;Araucária;PR;
155;02/06/2025;Entrada;P1026;Disco de Freio;Arrefecimento;Fras-le;Distribuidora Master;Curitiba;Marcos Rocha;Comprador;C4;P10;77;1213.34;20;Oficina Curitiba;Maringá;PR;
156;17/06/2025;Entrada;P1042;Bateria 70Ah;Freios;Bosch;Auto Parts Brasil;Araucária;Carlos Silva;Supervisor;C9;P12;146;1159.35;0;Mecânica Rápida;Cascavel;PR;
157;20/01/2025;Entrada;P1038;Amortecedor Traseiro;Motor;Fras-le;Auto Parts Brasil;Ponta Grossa;Lucas Pereira;Estoquista;C8;P16;56;713.07;30;Concessionária Alpha;Curitiba;PR;
158;06/02/2025;Saída;P1018;Disco de Freio;Arrefecimento;NGK;Peças Paraná;Curitiba;Lucas Pereira;Comprador;C5;P29;91;150.08;50;Garage Prime;Londrina;PR;
159;08/02/2025;Saída;P1032;Bateria 60Ah;Arrefecimento;NGK;Mecânica Sul;Cascavel;Carlos Silva;Supervisor;C8;P11;79;1436.96;30;Mecânica Rápida;Cascavel;PR;
160;01/03/2025;Saída;P1031;Filtro de Ar;Freios;Fras-le;Auto Parts Brasil;Ponta Grossa;Carlos Silva;Supervisor;C5;P13;82;312.39;50;Oficina Curitiba;Curitiba;PR;
161;04/06/2025;Entrada;P1003;Rolamento de Roda;Suspensão;Cofap;Peças Paraná;Maringá;Ana Costa;Comprador;C7;P21;147;680.22;20;Auto Center Sul;Curitiba;PR;
162;02/03/2025;Saída;P1027;Correia Dentada;Arrefecimento;Fras-le;TecAuto;Cascavel;Rafael Lima;Comprador;C9;P29;31;1193.59;0;Oficina Paraná;Araucária;PR;
163;04/04/2025;Saída;P1009;Filtro de Ar;Elétrica;Bosch;Auto Parts Brasil;Ponta Grossa;Juliana Ribeiro;Supervisor;C2;P5;8;429.17;30;Oficina Curitiba;Araucária;PR;
164;23/04/2025;Entrada;P1044;Amortecedor Dianteiro;Elétrica;Monroe;Auto Center Supply;Araucária;Rafael Lima;Comprador;C3;P22;151;1019.12;0;Oficina Paraná;Londrina;PR;
165;03/04/2025;Saída;P1021;Amortecedor Dianteiro;Elétrica;Bosch;Distribuidora Master;Ponta Grossa;Fernanda Alves;Estoquista;C8;P21;102;160.0;10;Mecânica Rápida;Cascavel;PR;
166;11/02/2025;Entrada;P1006;Velas de Ignição;Freios;Monroe;Speed Parts;Maringá;Carlos Silva;Estoquista;C2;P5;199;1359.37;20;Concessionária Alpha;Londrina;PR;
167;20/03/2025;Saída;P1015;Amortecedor Dianteiro;Arrefecimento;Valeo;Auto Center Supply;Londrina;Carlos Silva;Supervisor;C7;P2;170;1344.77;30;Oficina Curitiba;Araucária;PR;
168;23/05/2025;Saída;P1045;Radiador;Transmissão;Monroe;Auto Parts Brasil;Curitiba;Juliana Ribeiro;Estoquista;C2;P22;65;1377.15;20;Garage Prime;Araucária;PR;
169;21/01/2025;Saída;P1008;Radiador;Elétrica;Fras-le;Peças Paraná;Maringá;Carlos Silva;Estoquista;C8;P1;6;1486.49;30;Mecânica Express;Araucária;PR;
170;14/04/2025;Entrada;P1033;Past. Freio;Elétrica;Fras-le;Distribuidora Master;Maringá;João Santos;Comprador;C4;P11;109;434.43;20;Oficina Curitiba;Londrina;PR;
171;11/04/2025;Entrada;P1037;Amortecedor Traseiro;Suspensão;Valeo;Auto Parts Brasil;Curitiba;João Santos;Comprador;C2;P13;5;628.01;0;Garage Prime;Londrina;PR;
172;17/05/2025;Entrada;P1025;Past. Freio;Elétrica;Bosch;Mecânica Sul;Londrina;Fernanda Alves;Estoquista;C5;P13;191;1087.24;20;Auto Peças Lima;Ponta Grossa;PR;
173;20/05/2025;Saída;P1001;Radiador;Suspensão;Cofap;Speed Parts;Ponta Grossa;Marcos Rocha;Estoquista;C1;P9;105;572.82;30;Auto Center Sul;Cascavel;PR;
174;07/03/2025;Entrada;P1041;Amortecedor Dianteiro;Arrefecimento;Bosch;Auto Parts Brasil;Maringá;Carlos Silva;Supervisor;C4;P8;175;318.02;30;Oficina Curitiba;Curitiba;PR;
175;07/05/2025;Entrada;P1016;Bateria 60Ah;Arrefecimento;Monroe;Mecânica Sul;Araucária;Rafael Lima;Estoquista;C7;P20;44;384.86;30;Mecânica Express;Araucária;PR;
176;23/01/2025;Saída;P1049;Velas de Ignição;Arrefecimento;Monroe;Speed Parts;Londrina;Lucas Pereira;Supervisor;C8;P30;127;104.64;20;Mecânica Rápida;Londrina;PR;
177;29/05/2025;Entrada;P1003;Bateria 70Ah;Motor;Cofap;Prime Autopeças;Cascavel;Lucas Pereira;Estoquista;C4;P25;73;697.54;20;Mecânica Rápida;Araucária;PR;
178;03/04/2025;Saída;P1034;Radiador;Motor;Fras-le;Peças Paraná;Araucária;Carlos Silva;Estoquista;C1;P11;83;1075.11;30;Oficina Curitiba;Araucária;PR;
179;30/04/2025;Entrada;P1024;Bateria 70Ah;Freios;Monroe;Peças Paraná;Maringá;Lucas Pereira;Supervisor;C3;P6;173;202.45;0;Garage Prime;Ponta Grossa;PR;
180;22/03/2025;Entrada;P1033;Filtro de Ar;Suspensão;Bosch;Distribuidora Master;Londrina;Juliana Ribeiro;Estoquista;C7;P3;75;231.08;30;Mecânica Rápida;Araucária;PR;
181;25/04/2025;Saída;P1003;Velas de Ignição;Elétrica;Valeo;Auto Center Supply;Ponta Grossa;Carlos Silva;Estoquista;C5;P30;179;901.02;20;Oficina Curitiba;Araucária;PR;
182;30/05/2025;Saída;P1014;Filtro de Ar;Elétrica;Valeo;Auto Center Supply;Araucária;João Santos;Supervisor;C6;P5;42;1360.39;20;Garage Prime;Maringá;PR;
183;21/06/2025;Entrada;P1042;Filtro de Óleo;Arrefecimento;Fras-le;Auto Center Supply;Maringá;Marcos Rocha;Estoquista;C3;P10;19;705.42;0;Oficina Curitiba;Ponta Grossa;PR;
184;15/06/2025;Entrada;P1045;Filtro de Ar;Transmissão;Bosch;TecAuto;Curitiba;João Santos;Comprador;C7;P24;40;792.77;50;Concessionária Alpha;Ponta Grossa;PR;
185;12/02/2025;Entrada;P1025;Past. Freio;Elétrica;NGK;Peças Paraná;Curitiba;Ana Costa;Supervisor;C2;P26;88;1317.2;30;Oficina Curitiba;Cascavel;PR;
186;28/04/2025;Entrada;P1035;Amortecedor Dianteiro;Transmissão;Bosch;Prime Autopeças;Cascavel;Fernanda Alves;Comprador;C9;P23;121;1360.05;0;Oficina Curitiba;Curitiba;PR;
187;05/01/2025;Saída;P1040;Correia Dentada;Transmissão;Valeo;Peças Paraná;Ponta Grossa;Fernanda Alves;Estoquista;C10;P21;75;866.84;50;Oficina Curitiba;Araucária;PR;
188;08/05/2025;Saída;P1005;Past. Freio;Arrefecimento;Valeo;Prime Autopeças;Curitiba;Lucas Pereira;Supervisor;C8;P11;54;1191.86;0;Concessionária Alpha;Cascavel;PR;
189;20/01/2025;Saída;P1015;Bateria 70Ah;Freios;Monroe;Auto Parts Brasil;Cascavel;Juliana Ribeiro;Comprador;C5;P25;81;567.97;10;Garage Prime;Cascavel;PR;
190;29/04/2025;Saída;P1048;Radiador;Freios;Bosch;Distribuidora Master;Cascavel;Ana Costa;Supervisor;C10;P11;131;1191.62;20;Concessionária Alpha;Londrina;PR;
191;20/03/2025;Saída;P1040;Bomba de Combustível;Arrefecimento;Valeo;Peças Paraná;Ponta Grossa;Rafael Lima;Supervisor;C1;P23;13;1127.63;50;Garage Prime;Curitiba;PR;
192;04/01/2025;Saída;P1003;Bateria 60Ah;Freios;Bosch;Distribuidora Master;Curitiba;Carlos Silva;Estoquista;C6;P28;73;187.03;0;Oficina Paraná;Ponta Grossa;PR;
193;21/06/2025;Entrada;P1036;Radiador;Motor;Monroe;Distribuidora Master;Londrina;Juliana Ribeiro;Supervisor;C10;P26;117;801.59;50;Oficina Paraná;Curitiba;PR;
194;14/06/2025;Entrada;P1037;Bateria 70Ah;Suspensão;Fras-le;Peças Paraná;Londrina;Ana Costa;Estoquista;C3;P10;160;124.85;0;Mecânica Express;Maringá;PR;
195;16/01/2025;Saída;P1001;Correia Dentada;Freios;Monroe;Prime Autopeças;Ponta Grossa;Juliana Ribeiro;Comprador;C5;P22;162;111.47;0;Auto Center Sul;Londrina;PR;
196;27/01/2025;Entrada;P1014;Rolamento de Roda;Arrefecimento;Cofap;Auto Center Supply;Maringá;Fernanda Alves;Estoquista;C2;P8;166;1051.26;50;Concessionária Alpha;Cascavel;PR;
197;02/05/2025;Entrada;P1011;Rolamento de Roda;Arrefecimento;NGK;Mecânica Sul;Araucária;Carlos Silva;Comprador;C1;P30;154;765.19;30;Concessionária Alpha;Ponta Grossa;PR;
198;19/06/2025;Entrada;P1025;Disco de Freio;Transmissão;Fras-le;Prime Autopeças;Maringá;Rafael Lima;Comprador;C1;P10;148;812.27;20;Oficina Curitiba;Curitiba;PR;
199;06/06/2025;Saída;P1040;Disco de Freio;Elétrica;Valeo;Prime Autopeças;Curitiba;João Santos;Estoquista;C6;P9;165;1066.49;20;Mecânica Express;Ponta Grossa;PR;
200;08/05/2025;Saída;P1016;Rolamento de Roda;Suspensão;Cofap;TecAuto;Londrina;Ana Costa;Comprador;C8;P7;114;163.99;30;Oficina Curitiba;Curitiba;PR;
201;07/03/2025;Saída;P1049;Amortecedor Dianteiro;Motor;Cofap;Prime Autopeças;Maringá;Ana Costa;Comprador;C6;P29;171;104.95;20;Garage Prime;Londrina;PR;
202;04/02/2025;Entrada;P1025;Bomba de Combustível;Elétrica;Monroe;Peças Paraná;Ponta Grossa;Lucas Pereira;Comprador;C10;P19;164;849.43;0;Oficina Curitiba;Curitiba;PR;
203;17/03/2025;Entrada;P1009;Filtro de Óleo;Elétrica;Valeo;Peças Paraná;Maringá;Carlos Silva;Estoquista;C8;P29;34;521.83;10;Auto Center Sul;Araucária;PR;
204;04/04/2025;Entrada;P1024;Correia Dentada;Elétrica;Cofap;Prime Autopeças;Ponta Grossa;Juliana Ribeiro;Comprador;C8;P20;24;80.12;50;Mecânica Express;Curitiba;PR;
205;26/01/2025;Entrada;P1028;Bateria 60Ah;Suspensão;Monroe;Prime Autopeças;Araucária;Juliana Ribeiro;Comprador;C8;P20;111;768.38;20;Auto Peças Lima;Araucária;PR;
206;25/06/2025;Saída;P1012;Sensor ABS;Elétrica;Valeo;Mecânica Sul;Londrina;Juliana Ribeiro;Estoquista;C9;P18;78;963.01;20;Oficina Curitiba;Maringá;PR;
207;05/06/2025;Saída;P1012;Kit Embreagem;Elétrica;Fras-le;Mecânica Sul;Ponta Grossa;Rafael Lima;Supervisor;C2;P20;141;527.84;30;Auto Center Sul;Maringá;PR;
208;25/06/2025;Entrada;P1035;Filtro de Ar;Arrefecimento;Valeo;Prime Autopeças;Londrina;Marcos Rocha;Estoquista;C3;P25;108;1188.67;10;Garage Prime;Ponta Grossa;PR;
209;03/05/2025;Entrada;P1004;Bomba de Combustível;Elétrica;Fras-le;Speed Parts;Cascavel;Rafael Lima;Comprador;C4;P8;139;1385.83;10;Auto Peças Lima;Ponta Grossa;PR;
210;12/06/2025;Saída;P1044;Amortecedor Dianteiro;Arrefecimento;NGK;Auto Center Supply;Curitiba;Rafael Lima;Estoquista;C5;P13;4;1052.93;50;Garage Prime;Ponta Grossa;PR;
211;12/01/2025;Saída;P1035;Velas de Ignição;Motor;NGK;Auto Parts Brasil;Cascavel;Marcos Rocha;Supervisor;C4;P25;146;1116.28;20;Mecânica Rápida;Londrina;PR;
212;22/05/2025;Saída;P1040;Filtro de Óleo;Motor;Monroe;Mecânica Sul;Londrina;Fernanda Alves;Supervisor;C4;P4;34;56.72;10;Garage Prime;Ponta Grossa;PR;
213;05/03/2025;Entrada;P1045;Bomba de Combustível;Suspensão;Bosch;Auto Center Supply;Cascavel;Lucas Pereira;Supervisor;C10;P9;150;968.67;30;Auto Center Sul;Curitiba;PR;
214;09/02/2025;Saída;P1037;Rolamento de Roda;Freios;Cofap;Distribuidora Master;Londrina;Rafael Lima;Supervisor;C2;P28;185;1386.56;10;Mecânica Rápida;Araucária;PR;
215;10/01/2025;Entrada;P1048;Bomba de Combustível;Motor;Fras-le;Mecânica Sul;Londrina;João Santos;Comprador;C3;P12;196;160.39;0;Garage Prime;Araucária;PR;
216;26/03/2025;Entrada;P1028;Bateria 60Ah;Suspensão;Fras-le;Distribuidora Master;Cascavel;João Santos;Estoquista;C8;P15;153;343.8;0;Concessionária Alpha;Londrina;PR;
217;07/02/2025;Entrada;P1025;Bateria 60Ah;Arrefecimento;NGK;Speed Parts;Ponta Grossa;Fernanda Alves;Supervisor;C4;P5;109;579.17;10;Concessionária Alpha;Maringá;PR;
218;03/01/2025;Entrada;P1015;Radiador;Motor;NGK;Mecânica Sul;Araucária;Carlos Silva;Supervisor;C9;P7;111;551.76;50;Auto Center Sul;Ponta Grossa;PR;
219;02/05/2025;Saída;P1037;Radiador;Freios;Cofap;Auto Parts Brasil;Londrina;Juliana Ribeiro;Comprador;C1;P10;68;1070.23;20;Oficina Curitiba;Curitiba;PR;
220;15/05/2025;Saída;P1027;Filtro de Ar;Motor;Monroe;Speed Parts;Maringá;Juliana Ribeiro;Comprador;C1;P27;84;1159.32;10;Auto Center Sul;Cascavel;PR;
221;27/05/2025;Saída;P1002;Filtro de Óleo;Freios;Fras-le;Mecânica Sul;Araucária;João Santos;Supervisor;C6;P26;79;578.95;50;Auto Center Sul;Londrina;PR;
222;11/04/2025;Saída;P1026;Filtro de Óleo;Motor;NGK;Speed Parts;Maringá;Rafael Lima;Comprador;C7;P23;115;778.02;30;Oficina Curitiba;Cascavel;PR;
223;24/03/2025;Entrada;P1014;Amortecedor Dianteiro;Arrefecimento;NGK;Distribuidora Master;Londrina;Rafael Lima;Comprador;C6;P21;33;1389.79;20;Mecânica Rápida;Ponta Grossa;PR;
224;20/06/2025;Saída;P1003;Amortecedor Traseiro;Freios;Fras-le;Prime Autopeças;Cascavel;Lucas Pereira;Supervisor;C4;P5;100;472.66;20;Concessionária Alpha;Araucária;PR;
225;30/05/2025;Entrada;P1006;Amortecedor Traseiro;Elétrica;Monroe;TecAuto;Londrina;Juliana Ribeiro;Estoquista;C10;P4;34;869.03;10;Oficina Paraná;Araucária;PR;
226;27/01/2025;Entrada;P1029;Bateria 70Ah;Freios;Monroe;Mecânica Sul;Londrina;Carlos Silva;Supervisor;C2;P29;62;1102.16;0;Auto Center Sul;Curitiba;PR;
227;21/05/2025;Saída;P1036;Amortecedor Traseiro;Motor;Monroe;Mecânica Sul;Ponta Grossa;Juliana Ribeiro;Comprador;C3;P26;79;1090.6;20;Mecânica Express;Araucária;PR;
228;10/06/2025;Saída;P1004;Radiador;Freios;Cofap;Auto Parts Brasil;Araucária;Lucas Pereira;Comprador;C1;P9;144;1332.99;0;Garage Prime;Curitiba;PR;
229;22/05/2025;Saída;P1030;Kit Embreagem;Elétrica;Bosch;Distribuidora Master;Londrina;Fernanda Alves;Comprador;C10;P14;33;904.87;0;Garage Prime;Cascavel;PR;
230;02/05/2025;Saída;P1009;Bomba de Combustível;Motor;Bosch;Prime Autopeças;Araucária;Rafael Lima;Comprador;C2;P23;156;38.06;10;Garage Prime;Londrina;PR;
231;06/03/2025;Saída;P1026;Kit Embreagem;Suspensão;NGK;Auto Parts Brasil;Maringá;Ana Costa;Supervisor;C7;P2;62;708.9;10;Auto Peças Lima;Maringá;PR;
232;13/06/2025;Entrada;P1005;Velas de Ignição;Transmissão;Valeo;Speed Parts;Cascavel;Ana Costa;Estoquista;C8;P25;56;1081.79;20;Oficina Paraná;Londrina;PR;
233;04/06/2025;Saída;P1018;Past. Freio;Freios;NGK;Peças Paraná;Araucária;Fernanda Alves;Estoquista;C6;P2;137;695.33;10;Auto Center Sul;Londrina;PR;
234;26/04/2025;Saída;P1010;Correia Dentada;Freios;Valeo;Speed Parts;Curitiba;Marcos Rocha;Estoquista;C1;P12;197;519.4;10;Auto Peças Lima;Ponta Grossa;PR;
235;23/02/2025;Entrada;P1034;Bateria 70Ah;Freios;Fras-le;Speed Parts;Araucária;Lucas Pereira;Estoquista;C1;P13;20;653.05;50;Garage Prime;Curitiba;PR;
236;18/01/2025;Saída;P1024;Bateria 70Ah;Elétrica;Fras-le;Auto Parts Brasil;Cascavel;Lucas Pereira;Supervisor;C3;P7;183;321.55;30;Oficina Curitiba;Londrina;PR;
237;27/04/2025;Entrada;P1048;Amortecedor Traseiro;Freios;Fras-le;Auto Center Supply;Cascavel;Fernanda Alves;Supervisor;C2;P28;165;1429.75;20;Auto Peças Lima;Londrina;PR;
238;11/04/2025;Saída;P1005;Disco de Freio;Suspensão;Fras-le;Distribuidora Master;Curitiba;Juliana Ribeiro;Supervisor;C2;P13;13;1129.95;20;Concessionária Alpha;Araucária;PR;
239;16/01/2025;Saída;P1014;Amortecedor Dianteiro;Freios;NGK;Mecânica Sul;Maringá;Fernanda Alves;Supervisor;C5;P1;127;1293.68;10;Auto Center Sul;Araucária;PR;
240;13/02/2025;Entrada;P1003;Amortecedor Traseiro;Elétrica;NGK;TecAuto;Londrina;Juliana Ribeiro;Supervisor;C7;P29;138;1455.4;50;Oficina Paraná;Londrina;PR;
241;01/06/2025;Entrada;P1011;Rolamento de Roda;Motor;Bosch;Distribuidora Master;Ponta Grossa;Ana Costa;Supervisor;C6;P8;173;1479.71;50;Concessionária Alpha;Maringá;PR;
242;08/05/2025;Saída;P1010;Disco de Freio;Freios;Cofap;Speed Parts;Araucária;Carlos Silva;Supervisor;C4;P22;89;838.67;20;Mecânica Rápida;Araucária;PR;
243;02/03/2025;Entrada;P1032;Bateria 60Ah;Freios;NGK;Prime Autopeças;Cascavel;Lucas Pereira;Estoquista;C4;P3;143;970.25;50;Mecânica Express;Curitiba;PR;
244;26/01/2025;Entrada;P1032;Amortecedor Dianteiro;Motor;Bosch;TecAuto;Londrina;Lucas Pereira;Estoquista;C2;P2;158;1166.79;50;Auto Peças Lima;Ponta Grossa;PR;
245;26/04/2025;Entrada;P1045;Amortecedor Traseiro;Freios;Bosch;Speed Parts;Araucária;Juliana Ribeiro;Estoquista;C8;P18;89;412.44;20;Oficina Curitiba;Maringá;PR;
246;11/04/2025;Entrada;P1015;Kit Embreagem;Elétrica;Fras-le;Mecânica Sul;Ponta Grossa;Carlos Silva;Estoquista;C10;P21;93;1376.69;50;Mecânica Rápida;Maringá;PR;
247;10/02/2025;Entrada;P1026;Disco de Freio;Freios;Cofap;Peças Paraná;Ponta Grossa;Carlos Silva;Estoquista;C3;P4;18;1064.48;20;Oficina Paraná;Londrina;PR;
248;14/03/2025;Entrada;P1005;Sensor ABS;Elétrica;Valeo;Auto Parts Brasil;Curitiba;Fernanda Alves;Comprador;C7;P10;134;1144.0;20;Concessionária Alpha;Ponta Grossa;PR;
249;29/05/2025;Entrada;P1033;Amortecedor Traseiro;Suspensão;Cofap;Peças Paraná;Londrina;Juliana Ribeiro;Comprador;C3;P15;82;1016.22;10;Auto Peças Lima;Curitiba;PR;
250;27/03/2025;Entrada;P1014;Bomba de Combustível;Motor;Bosch;Prime Autopeças;Ponta Grossa;Carlos Silva;Supervisor;C4;P20;100;386.6;20;Mecânica Rápida;Cascavel;PR;
251;06/04/2025;Saída;P1024;Amortecedor Traseiro;Motor;NGK;Peças Paraná;Maringá;Fernanda Alves;Estoquista;C8;P11;196;460.71;30;Mecânica Rápida;Curitiba;PR;
252;18/01/2025;Saída;P1050;Amortecedor Dianteiro;Motor;Monroe;Peças Paraná;Curitiba;Lucas Pereira;Estoquista;C8;P5;162;1147.23;0;Mecânica Express;Maringá;PR;
253;20/06/2025;Entrada;P1027;Rolamento de Roda;Motor;Bosch;Speed Parts;Maringá;João Santos;Estoquista;C3;P17;149;597.35;10;Auto Center Sul;Cascavel;PR;
254;14/01/2025;Saída;P1049;Sensor ABS;Motor;Monroe;Distribuidora Master;Maringá;Juliana Ribeiro;Supervisor;C3;P13;74;547.57;30;Oficina Curitiba;Ponta Grossa;PR;
255;19/06/2025;Entrada;P1038;Filtro de Ar;Elétrica;Bosch;Prime Autopeças;Curitiba;João Santos;Estoquista;C7;P10;97;1251.58;20;Mecânica Express;Londrina;PR;
256;30/04/2025;Entrada;P1023;Radiador;Suspensão;Valeo;Prime Autopeças;Araucária;Carlos Silva;Supervisor;C3;P22;183;916.41;30;Oficina Curitiba;Londrina;PR;
257;27/04/2025;Saída;P1015;Sensor ABS;Elétrica;Fras-le;Speed Parts;Ponta Grossa;Ana Costa;Comprador;C3;P5;200;335.25;50;Auto Peças Lima;Maringá;PR;
258;15/05/2025;Saída;P1040;Radiador;Arrefecimento;Valeo;Distribuidora Master;Maringá;Marcos Rocha;Comprador;C8;P7;80;1273.91;50;Concessionária Alpha;Araucária;PR;
259;13/05/2025;Entrada;P1011;Bomba de Combustível;Motor;Monroe;Auto Parts Brasil;Cascavel;Lucas Pereira;Estoquista;C4;P28;20;804.71;0;Mecânica Rápida;Cascavel;PR;
260;19/03/2025;Saída;P1013;Past. Freio;Elétrica;Cofap;Prime Autopeças;Ponta Grossa;João Santos;Supervisor;C7;P26;192;812.58;10;Mecânica Express;Cascavel;PR;
261;13/05/2025;Entrada;P1021;Sensor ABS;Elétrica;Monroe;Auto Center Supply;Curitiba;Lucas Pereira;Supervisor;C9;P27;177;1478.62;10;Oficina Paraná;Maringá;PR;
262;07/05/2025;Entrada;P1001;Filtro de Óleo;Freios;NGK;Peças Paraná;Maringá;João Santos;Supervisor;C7;P4;145;480.76;0;Auto Center Sul;Araucária;PR;
263;28/03/2025;Saída;P1030;Velas de Ignição;Suspensão;NGK;Mecânica Sul;Maringá;Lucas Pereira;Estoquista;C2;P13;194;1196.08;20;Garage Prime;Ponta Grossa;PR;
264;29/01/2025;Entrada;P1046;Filtro de Óleo;Freios;Monroe;Distribuidora Master;Maringá;Rafael Lima;Supervisor;C9;P16;173;627.06;20;Oficina Curitiba;Araucária;PR;
265;08/03/2025;Saída;P1030;Bateria 60Ah;Transmissão;Monroe;Distribuidora Master;Londrina;Carlos Silva;Comprador;C5;P25;64;317.57;30;Oficina Curitiba;Cascavel;PR;
266;13/05/2025;Entrada;P1043;Sensor ABS;Suspensão;Valeo;Distribuidora Master;Araucária;Juliana Ribeiro;Supervisor;C1;P18;151;535.65;0;Oficina Curitiba;Araucária;PR;
267;02/06/2025;Entrada;P1031;Velas de Ignição;Arrefecimento;NGK;Auto Parts Brasil;Ponta Grossa;Ana Costa;Supervisor;C10;P19;10;1045.89;50;Mecânica Express;Maringá;PR;
268;29/06/2025;Entrada;P1037;Kit Embreagem;Elétrica;Fras-le;TecAuto;Londrina;Fernanda Alves;Comprador;C10;P15;163;872.46;20;Oficina Curitiba;Araucária;PR;
269;02/02/2025;Saída;P1048;Disco de Freio;Suspensão;NGK;TecAuto;Curitiba;João Santos;Estoquista;C7;P4;114;1403.19;20;Mecânica Rápida;Araucária;PR;
270;29/06/2025;Saída;P1047;Bateria 70Ah;Motor;Monroe;Mecânica Sul;Araucária;Juliana Ribeiro;Supervisor;C9;P24;100;1169.6;30;Auto Peças Lima;Londrina;PR;
271;30/06/2025;Saída;P1040;Sensor ABS;Transmissão;Cofap;Auto Center Supply;Londrina;João Santos;Estoquista;C5;P13;120;336.71;0;Garage Prime;Maringá;PR;
272;01/06/2025;Saída;P1005;Disco de Freio;Freios;Valeo;Distribuidora Master;Maringá;Juliana Ribeiro;Estoquista;C8;P26;63;1323.66;30;Garage Prime;Londrina;PR;
273;06/04/2025;Entrada;P1008;Bateria 70Ah;Motor;Cofap;TecAuto;Curitiba;Rafael Lima;Estoquista;C3;P8;167;1241.02;0;Garage Prime;Curitiba;PR;
274;18/03/2025;Saída;P1033;Radiador;Freios;NGK;Mecânica Sul;Maringá;Ana Costa;Supervisor;C3;P21;19;1142.91;20;Auto Peças Lima;Cascavel;PR;
275;30/01/2025;Entrada;P1012;Amortecedor Traseiro;Freios;Cofap;Auto Center Supply;Araucária;Juliana Ribeiro;Supervisor;C10;P26;142;1211.6;30;Garage Prime;Araucária;PR;
276;29/01/2025;Entrada;P1007;Filtro de Óleo;Suspensão;Valeo;Auto Parts Brasil;Curitiba;Juliana Ribeiro;Estoquista;C4;P9;196;760.34;0;Mecânica Express;Londrina;PR;
277;08/05/2025;Entrada;P1012;Radiador;Freios;Fras-le;Auto Center Supply;Cascavel;Carlos Silva;Supervisor;C1;P26;77;698.74;0;Concessionária Alpha;Londrina;PR;
278;19/04/2025;Entrada;P1002;Kit Embreagem;Suspensão;Bosch;Speed Parts;Maringá;Carlos Silva;Comprador;C10;P25;79;740.55;0;Mecânica Express;Cascavel;PR;
279;17/03/2025;Entrada;P1048;Amortecedor Traseiro;Motor;Valeo;Auto Parts Brasil;Araucária;Juliana Ribeiro;Supervisor;C10;P6;173;1457.87;30;Mecânica Rápida;Maringá;PR;
280;16/03/2025;Entrada;P1040;Rolamento de Roda;Freios;NGK;Distribuidora Master;Maringá;Fernanda Alves;Supervisor;C3;P8;106;1345.86;10;Auto Peças Lima;Araucária;PR;
281;24/05/2025;Entrada;P1029;Sensor ABS;Elétrica;Monroe;Peças Paraná;Ponta Grossa;Fernanda Alves;Estoquista;C2;P12;173;719.03;0;Mecânica Rápida;Araucária;PR;
282;05/06/2025;Saída;P1023;Velas de Ignição;Arrefecimento;NGK;Auto Parts Brasil;Londrina;Juliana Ribeiro;Estoquista;C10;P9;144;284.0;0;Oficina Curitiba;Curitiba;PR;
283;18/06/2025;Entrada;P1012;Kit Embreagem;Elétrica;NGK;Auto Parts Brasil;Londrina;Marcos Rocha;Comprador;C6;P26;45;592.47;10;Concessionária Alpha;Maringá;PR;
284;14/04/2025;Entrada;P1013;Rolamento de Roda;Freios;Cofap;Distribuidora Master;Londrina;João Santos;Comprador;C1;P10;119;487.24;30;Mecânica Rápida;Maringá;PR;
285;06/01/2025;Saída;P1031;Bomba de Combustível;Motor;Bosch;Speed Parts;Maringá;Marcos Rocha;Comprador;C6;P24;19;251.79;0;Mecânica Express;Ponta Grossa;PR;
286;27/05/2025;Saída;P1042;Correia Dentada;Elétrica;Valeo;TecAuto;Araucária;Marcos Rocha;Supervisor;C4;P28;48;770.7;10;Garage Prime;Ponta Grossa;PR;
287;31/01/2025;Saída;P1048;Sensor ABS;Arrefecimento;Bosch;Distribuidora Master;Ponta Grossa;Juliana Ribeiro;Estoquista;C4;P26;117;1377.15;10;Oficina Paraná;Maringá;PR;
288;28/04/2025;Entrada;P1037;Bateria 60Ah;Arrefecimento;Bosch;Distribuidora Master;Maringá;Fernanda Alves;Estoquista;C9;P15;171;286.17;30;Mecânica Rápida;Araucária;PR;
289;29/01/2025;Saída;P1004;Filtro de Ar;Arrefecimento;Monroe;Mecânica Sul;Ponta Grossa;Juliana Ribeiro;Comprador;C9;P14;156;178.31;20;Auto Center Sul;Curitiba;PR;
290;02/05/2025;Entrada;P1001;Bomba de Combustível;Transmissão;Cofap;Prime Autopeças;Maringá;Rafael Lima;Estoquista;C1;P11;192;662.27;50;Concessionária Alpha;Ponta Grossa;PR;
291;10/05/2025;Entrada;P1020;Kit Embreagem;Arrefecimento;NGK;Speed Parts;Maringá;Rafael Lima;Comprador;C2;P2;4;1070.88;50;Garage Prime;Maringá;PR;
292;19/03/2025;Saída;P1031;Radiador;Motor;Fras-le;Prime Autopeças;Cascavel;Lucas Pereira;Supervisor;C2;P10;112;98.67;50;Auto Center Sul;Ponta Grossa;PR;
293;16/05/2025;Entrada;P1016;Past. Freio;Arrefecimento;Valeo;Distribuidora Master;Curitiba;Fernanda Alves;Comprador;C6;P30;53;441.56;30;Garage Prime;Araucária;PR;
294;09/06/2025;Entrada;P1012;Amortecedor Dianteiro;Arrefecimento;Monroe;Auto Center Supply;Cascavel;João Santos;Estoquista;C4;P12;124;1353.73;20;Oficina Paraná;Cascavel;PR;
295;12/05/2025;Entrada;P1008;Radiador;Freios;Fras-le;Auto Parts Brasil;Maringá;Lucas Pereira;Comprador;C4;P21;26;92.1;0;Oficina Curitiba;Maringá;PR;
296;10/01/2025;Entrada;P1024;Amortecedor Dianteiro;Suspensão;Bosch;Peças Paraná;Cascavel;Ana Costa;Estoquista;C1;P22;179;1478.86;50;Garage Prime;Curitiba;PR;
297;14/04/2025;Saída;P1004;Kit Embreagem;Freios;Monroe;TecAuto;Araucária;Rafael Lima;Comprador;C7;P13;35;22.6;30;Concessionária Alpha;Maringá;PR;
298;06/05/2025;Saída;P1041;Bomba de Combustível;Suspensão;Valeo;TecAuto;Curitiba;Carlos Silva;Estoquista;C1;P2;27;1123.93;10;Concessionária Alpha;Londrina;PR;
299;11/04/2025;Saída;P1050;Amortecedor Dianteiro;Freios;Bosch;Mecânica Sul;Araucária;Carlos Silva;Estoquista;C4;P22;69;1295.75;0;Oficina Paraná;Araucária;PR;
300;12/01/2025;Saída;P1002;Correia Dentada;Transmissão;Bosch;Mecânica Sul;Londrina;Rafael Lima;Comprador;C2;P23;88;1481.21;30;Oficina Curitiba;Curitiba;PR;
